timestamp,tanggal,jam,frame,puncak_ombak_y,status_ombak,jumlah_garis_terdeteksi,extreme_count,alert_sent
2025-10-02T13:10:03.431663,2025-10-02 13:10:03,13:10:03,0,291,Tenang,6,0,False
2025-10-02T13:10:03.563555,2025-10-02 13:10:03,13:10:03,0,404,Tenang,5,0,False
2025-10-02T13:10:03.687023,2025-10-02 13:10:03,13:10:03,0,404,Tenang,6,0,False
2025-10-02T13:10:03.810844,2025-10-02 13:10:03,13:10:03,0,405,Tenang,4,0,False
2025-10-02T13:10:03.933968,2025-10-02 13:10:03,13:10:03,0,403,Tenang,5,0,False
2025-10-02T13:10:04.058922,2025-10-02 13:10:04,13:10:04,0,404,Tenang,5,0,False
2025-10-02T13:10:04.183204,2025-10-02 13:10:04,13:10:04,0,404,Tenang,5,0,False
2025-10-02T13:10:04.311077,2025-10-02 13:10:04,13:10:04,0,406,Tenang,4,0,False
2025-10-02T13:10:04.431453,2025-10-02 13:10:04,13:10:04,0,406,Tenang,3,0,False
2025-10-02T13:10:04.558763,2025-10-02 13:10:04,13:10:04,0,403,Tenang,5,0,False
2025-10-02T13:10:04.681601,2025-10-02 13:10:04,13:10:04,0,402,Tenang,4,0,False
2025-10-02T13:10:04.805609,2025-10-02 13:10:04,13:10:04,0,290,Tenang,4,0,False
2025-10-02T13:10:04.927276,2025-10-02 13:10:04,13:10:04,0,402,Tenang,3,0,False
2025-10-02T13:10:05.052380,2025-10-02 13:10:05,13:10:05,0,404,Tenang,4,0,False
2025-10-02T13:10:05.177609,2025-10-02 13:10:05,13:10:05,0,403,Tenang,4,0,False
2025-10-02T13:10:05.298762,2025-10-02 13:10:05,13:10:05,0,402,Tenang,4,0,False
2025-10-02T13:10:05.425525,2025-10-02 13:10:05,13:10:05,0,403,Tenang,4,0,False
2025-10-02T13:10:05.547688,2025-10-02 13:10:05,13:10:05,0,403,Tenang,5,0,False
2025-10-02T13:10:05.673638,2025-10-02 13:10:05,13:10:05,0,403,Tenang,5,0,False
2025-10-02T13:10:05.799346,2025-10-02 13:10:05,13:10:05,0,403,Tenang,6,0,False
2025-10-02T13:10:05.921932,2025-10-02 13:10:05,13:10:05,0,403,Tenang,6,0,False
2025-10-02T13:10:06.043898,2025-10-02 13:10:06,13:10:06,0,402,Tenang,4,0,False
2025-10-02T13:10:06.171681,2025-10-02 13:10:06,13:10:06,0,404,Tenang,3,0,False
2025-10-02T13:10:06.297095,2025-10-02 13:10:06,13:10:06,0,401,Tenang,6,0,False
2025-10-02T13:10:06.423374,2025-10-02 13:10:06,13:10:06,0,290,Tenang,6,0,False
2025-10-02T13:10:06.544604,2025-10-02 13:10:06,13:10:06,0,401,Tenang,5,0,False
2025-10-02T13:10:06.669752,2025-10-02 13:10:06,13:10:06,0,400,Tenang,6,0,False
2025-10-02T13:10:06.793903,2025-10-02 13:10:06,13:10:06,0,400,Tenang,5,0,False
2025-10-02T13:10:06.920035,2025-10-02 13:10:06,13:10:06,0,399,Tenang,5,0,False
2025-10-02T13:10:07.045479,2025-10-02 13:10:07,13:10:07,0,398,Tenang,4,0,False
2025-10-02T13:10:07.164839,2025-10-02 13:10:07,13:10:07,0,398,Tenang,5,0,False
2025-10-02T13:10:07.288812,2025-10-02 13:10:07,13:10:07,0,286,Tenang,7,0,False
2025-10-02T13:10:07.410913,2025-10-02 13:10:07,13:10:07,0,397,Tenang,4,0,False
2025-10-02T13:10:07.540393,2025-10-02 13:10:07,13:10:07,0,397,Tenang,5,0,False
2025-10-02T13:10:07.665394,2025-10-02 13:10:07,13:10:07,0,396,Tenang,4,0,False
2025-10-02T13:10:07.781817,2025-10-02 13:10:07,13:10:07,0,396,Tenang,4,0,False
2025-10-02T13:10:07.901468,2025-10-02 13:10:07,13:10:07,0,287,Tenang,6,0,False
2025-10-02T13:10:08.013521,2025-10-02 13:10:08,13:10:08,0,287,Tenang,6,0,False
2025-10-02T13:10:08.130073,2025-10-02 13:10:08,13:10:08,0,287,Tenang,7,0,False
2025-10-02T13:10:08.246773,2025-10-02 13:10:08,13:10:08,0,398,Tenang,4,0,False
2025-10-02T13:10:08.384249,2025-10-02 13:10:08,13:10:08,0,395,Tenang,5,0,False
2025-10-02T13:10:08.499576,2025-10-02 13:10:08,13:10:08,0,394,Tenang,4,0,False
2025-10-02T13:10:08.621579,2025-10-02 13:10:08,13:10:08,0,395,Tenang,5,0,False
2025-10-02T13:10:08.752039,2025-10-02 13:10:08,13:10:08,0,395,Tenang,5,0,False
2025-10-02T13:10:08.870439,2025-10-02 13:10:08,13:10:08,0,394,Tenang,6,0,False
2025-10-02T13:10:08.987957,2025-10-02 13:10:08,13:10:08,0,395,Tenang,5,0,False
2025-10-02T13:10:09.114317,2025-10-02 13:10:09,13:10:09,0,395,Tenang,4,0,False
2025-10-02T13:10:09.231121,2025-10-02 13:10:09,13:10:09,0,395,Tenang,4,0,False
2025-10-02T13:10:09.355405,2025-10-02 13:10:09,13:10:09,0,394,Tenang,4,0,False
2025-10-02T13:10:09.470982,2025-10-02 13:10:09,13:10:09,0,287,Tenang,7,0,False
2025-10-02T13:10:09.593796,2025-10-02 13:10:09,13:10:09,0,395,Tenang,4,0,False
2025-10-02T13:10:09.721440,2025-10-02 13:10:09,13:10:09,0,295,Tenang,7,0,False
2025-10-02T13:10:09.842568,2025-10-02 13:10:09,13:10:09,0,395,Tenang,4,0,False
2025-10-02T13:10:09.967491,2025-10-02 13:10:09,13:10:09,0,290,Tenang,6,0,False
2025-10-02T13:10:10.094802,2025-10-02 13:10:10,13:10:10,0,288,Tenang,5,0,False
2025-10-02T13:10:10.220813,2025-10-02 13:10:10,13:10:10,0,290,Tenang,7,0,False
2025-10-02T13:10:10.344418,2025-10-02 13:10:10,13:10:10,0,289,Tenang,9,0,False
2025-10-02T13:10:10.468439,2025-10-02 13:10:10,13:10:10,0,288,Tenang,9,0,False
2025-10-02T13:10:10.596662,2025-10-02 13:10:10,13:10:10,0,288,Tenang,10,0,False
2025-10-02T13:10:10.720007,2025-10-02 13:10:10,13:10:10,0,290,Tenang,10,0,False
2025-10-02T13:10:10.843477,2025-10-02 13:10:10,13:10:10,0,291,Tenang,6,0,False
2025-10-02T13:10:10.967521,2025-10-02 13:10:10,13:10:10,0,297,Tenang,9,0,False
2025-10-02T13:10:11.092771,2025-10-02 13:10:11,13:10:11,0,289,Tenang,10,0,False
2025-10-02T13:10:11.216360,2025-10-02 13:10:11,13:10:11,0,289,Tenang,13,0,False
2025-10-02T13:10:11.342171,2025-10-02 13:10:11,13:10:11,0,289,Tenang,13,0,False
2025-10-02T13:10:11.462635,2025-10-02 13:10:11,13:10:11,0,289,Tenang,9,0,False
2025-10-02T13:10:11.578725,2025-10-02 13:10:11,13:10:11,0,287,Tenang,14,0,False
2025-10-02T13:10:11.702206,2025-10-02 13:10:11,13:10:11,0,289,Tenang,20,0,False
2025-10-02T13:10:11.825615,2025-10-02 13:10:11,13:10:11,0,290,Tenang,11,0,False
2025-10-02T13:10:11.947585,2025-10-02 13:10:11,13:10:11,0,288,Tenang,17,0,False
2025-10-02T13:10:12.064699,2025-10-02 13:10:12,13:10:12,0,290,Tenang,11,0,False
2025-10-02T13:10:12.180126,2025-10-02 13:10:12,13:10:12,0,292,Tenang,8,0,False
2025-10-02T13:10:12.298128,2025-10-02 13:10:12,13:10:12,0,292,Tenang,12,0,False
2025-10-02T13:10:12.417376,2025-10-02 13:10:12,13:10:12,0,292,Tenang,18,0,False
2025-10-02T13:10:12.533519,2025-10-02 13:10:12,13:10:12,0,291,Tenang,15,0,False
2025-10-02T13:10:12.660944,2025-10-02 13:10:12,13:10:12,0,291,Tenang,12,0,False
2025-10-02T13:10:12.790207,2025-10-02 13:10:12,13:10:12,0,291,Tenang,11,0,False
2025-10-02T13:10:12.921772,2025-10-02 13:10:12,13:10:12,0,290,Tenang,14,0,False
2025-10-02T13:10:13.048299,2025-10-02 13:10:13,13:10:13,0,291,Tenang,14,0,False
2025-10-02T13:10:13.172358,2025-10-02 13:10:13,13:10:13,0,291,Tenang,15,0,False
2025-10-02T13:10:13.296620,2025-10-02 13:10:13,13:10:13,0,291,Tenang,10,0,False
2025-10-02T13:10:13.413233,2025-10-02 13:10:13,13:10:13,0,296,Tenang,12,0,False
2025-10-02T13:10:13.530563,2025-10-02 13:10:13,13:10:13,0,296,Tenang,7,0,False
2025-10-02T13:10:13.655605,2025-10-02 13:10:13,13:10:13,0,296,Tenang,11,0,False
2025-10-02T13:10:13.767427,2025-10-02 13:10:13,13:10:13,0,295,Tenang,9,0,False
2025-10-02T13:10:13.891024,2025-10-02 13:10:13,13:10:13,0,295,Tenang,11,0,False
2025-10-02T13:10:14.008930,2025-10-02 13:10:14,13:10:14,0,295,Tenang,10,0,False
2025-10-02T13:10:14.131912,2025-10-02 13:10:14,13:10:14,0,294,Tenang,9,0,False
2025-10-02T13:10:14.244806,2025-10-02 13:10:14,13:10:14,0,293,Tenang,9,0,False
2025-10-02T13:10:14.360722,2025-10-02 13:10:14,13:10:14,0,294,Tenang,8,0,False
2025-10-02T13:10:14.472376,2025-10-02 13:10:14,13:10:14,0,293,Tenang,10,0,False
2025-10-02T13:10:14.589748,2025-10-02 13:10:14,13:10:14,0,295,Tenang,13,0,False
2025-10-02T13:10:14.701005,2025-10-02 13:10:14,13:10:14,0,293,Tenang,11,0,False
2025-10-02T13:10:14.817547,2025-10-02 13:10:14,13:10:14,0,292,Tenang,10,0,False
2025-10-02T13:10:14.929128,2025-10-02 13:10:14,13:10:14,0,293,Tenang,13,0,False
2025-10-02T13:10:15.046542,2025-10-02 13:10:15,13:10:15,0,303,Tenang,9,0,False
2025-10-02T13:10:15.173285,2025-10-02 13:10:15,13:10:15,0,295,Tenang,13,0,False
2025-10-02T13:10:15.295381,2025-10-02 13:10:15,13:10:15,0,298,Tenang,7,0,False
2025-10-02T13:10:15.420127,2025-10-02 13:10:15,13:10:15,0,297,Tenang,7,0,False
2025-10-02T13:10:15.545639,2025-10-02 13:10:15,13:10:15,0,294,Tenang,7,0,False
2025-10-02T13:10:15.668783,2025-10-02 13:10:15,13:10:15,0,305,Tenang,4,0,False
2025-10-02T13:10:15.794858,2025-10-02 13:10:15,13:10:15,0,303,Tenang,6,0,False
2025-10-02T13:10:15.917994,2025-10-02 13:10:15,13:10:15,0,293,Tenang,4,0,False
2025-10-02T13:10:16.041809,2025-10-02 13:10:16,13:10:16,0,304,Tenang,4,0,False
2025-10-02T13:10:16.166339,2025-10-02 13:10:16,13:10:16,0,294,Tenang,6,0,False
2025-10-02T13:10:16.291383,2025-10-02 13:10:16,13:10:16,0,294,Tenang,7,0,False
2025-10-02T13:10:16.416721,2025-10-02 13:10:16,13:10:16,0,294,Tenang,5,0,False
2025-10-02T13:10:16.542594,2025-10-02 13:10:16,13:10:16,0,298,Tenang,6,0,False
2025-10-02T13:10:16.665765,2025-10-02 13:10:16,13:10:16,0,298,Tenang,7,0,False
2025-10-02T13:10:16.791942,2025-10-02 13:10:16,13:10:16,0,294,Tenang,4,0,False
2025-10-02T13:10:16.914107,2025-10-02 13:10:16,13:10:16,0,294,Tenang,7,0,False
2025-10-02T13:10:17.041433,2025-10-02 13:10:17,13:10:17,0,295,Tenang,4,0,False
2025-10-02T13:10:17.166817,2025-10-02 13:10:17,13:10:17,0,295,Tenang,5,0,False
2025-10-02T13:10:17.290980,2025-10-02 13:10:17,13:10:17,0,295,Tenang,5,0,False
2025-10-02T13:10:17.417290,2025-10-02 13:10:17,13:10:17,0,297,Tenang,5,0,False
2025-10-02T13:10:17.539383,2025-10-02 13:10:17,13:10:17,0,296,Tenang,5,0,False
2025-10-02T13:10:17.661879,2025-10-02 13:10:17,13:10:17,0,343,Tenang,8,0,False
2025-10-02T13:10:17.785558,2025-10-02 13:10:17,13:10:17,0,343,Tenang,7,0,False
2025-10-02T13:10:17.908246,2025-10-02 13:10:17,13:10:17,0,343,Tenang,7,0,False
2025-10-02T13:10:18.026511,2025-10-02 13:10:18,13:10:18,0,298,Tenang,9,0,False
2025-10-02T13:10:18.152606,2025-10-02 13:10:18,13:10:18,0,298,Tenang,13,0,False
2025-10-02T13:10:18.272345,2025-10-02 13:10:18,13:10:18,0,306,Tenang,6,0,False
2025-10-02T13:10:18.397986,2025-10-02 13:10:18,13:10:18,0,376,Tenang,5,0,False
2025-10-02T13:10:18.523627,2025-10-02 13:10:18,13:10:18,0,311,Tenang,6,0,False
2025-10-02T13:10:18.649597,2025-10-02 13:10:18,13:10:18,0,306,Tenang,7,0,False
2025-10-02T13:10:18.769075,2025-10-02 13:10:18,13:10:18,0,307,Tenang,6,0,False
2025-10-02T13:10:18.885050,2025-10-02 13:10:18,13:10:18,0,304,Tenang,7,0,False
2025-10-02T13:10:19.009733,2025-10-02 13:10:19,13:10:19,0,302,Tenang,6,0,False
2025-10-02T13:10:19.140922,2025-10-02 13:10:19,13:10:19,0,305,Tenang,6,0,False
2025-10-02T13:10:19.269438,2025-10-02 13:10:19,13:10:19,0,298,Tenang,6,0,False
2025-10-02T13:10:19.397501,2025-10-02 13:10:19,13:10:19,0,298,Tenang,5,0,False
2025-10-02T13:10:19.523856,2025-10-02 13:10:19,13:10:19,0,305,Tenang,6,0,False
2025-10-02T13:10:19.652523,2025-10-02 13:10:19,13:10:19,0,306,Tenang,6,0,False
2025-10-02T13:10:19.771374,2025-10-02 13:10:19,13:10:19,0,305,Tenang,6,0,False
2025-10-02T13:10:19.890573,2025-10-02 13:10:19,13:10:19,0,303,Tenang,8,0,False
2025-10-02T13:10:20.010362,2025-10-02 13:10:20,13:10:20,0,303,Tenang,5,0,False
2025-10-02T13:10:20.124182,2025-10-02 13:10:20,13:10:20,0,303,Tenang,6,0,False
2025-10-02T13:10:20.240869,2025-10-02 13:10:20,13:10:20,0,308,Tenang,3,0,False
2025-10-02T13:10:20.358800,2025-10-02 13:10:20,13:10:20,0,308,Tenang,4,0,False
2025-10-02T13:10:20.484109,2025-10-02 13:10:20,13:10:20,0,307,Tenang,3,0,False
2025-10-02T13:10:20.610408,2025-10-02 13:10:20,13:10:20,0,307,Tenang,4,0,False
2025-10-02T13:10:20.738893,2025-10-02 13:10:20,13:10:20,0,307,Tenang,7,0,False
2025-10-02T13:10:20.865651,2025-10-02 13:10:20,13:10:20,0,303,Tenang,7,0,False
2025-10-02T13:10:20.990364,2025-10-02 13:10:20,13:10:20,0,302,Tenang,6,0,False
2025-10-02T13:10:21.105470,2025-10-02 13:10:21,13:10:21,0,303,Tenang,8,0,False
2025-10-02T13:10:21.225959,2025-10-02 13:10:21,13:10:21,0,302,Tenang,5,0,False
2025-10-02T13:10:21.341861,2025-10-02 13:10:21,13:10:21,0,302,Tenang,4,0,False
2025-10-02T13:10:21.453884,2025-10-02 13:10:21,13:10:21,0,306,Tenang,4,0,False
2025-10-02T13:10:21.583242,2025-10-02 13:10:21,13:10:21,0,305,Tenang,5,0,False
2025-10-02T13:10:21.704233,2025-10-02 13:10:21,13:10:21,0,304,Tenang,5,0,False
2025-10-02T13:10:21.818612,2025-10-02 13:10:21,13:10:21,0,398,Tenang,1,0,False
2025-10-02T13:10:21.933108,2025-10-02 13:10:21,13:10:21,0,306,Tenang,4,0,False
2025-10-02T13:10:22.049932,2025-10-02 13:10:22,13:10:22,0,307,Tenang,4,0,False
2025-10-02T13:10:22.180962,2025-10-02 13:10:22,13:10:22,0,305,Tenang,5,0,False
2025-10-02T13:10:22.312267,2025-10-02 13:10:22,13:10:22,0,307,Tenang,5,0,False
2025-10-02T13:10:22.436442,2025-10-02 13:10:22,13:10:22,0,307,Tenang,4,0,False
2025-10-02T13:10:22.564111,2025-10-02 13:10:22,13:10:22,0,307,Tenang,5,0,False
2025-10-02T13:10:22.678423,2025-10-02 13:10:22,13:10:22,0,306,Tenang,4,0,False
2025-10-02T13:10:22.803909,2025-10-02 13:10:22,13:10:22,0,304,Tenang,4,0,False
2025-10-02T13:10:22.933779,2025-10-02 13:10:22,13:10:22,0,307,Tenang,4,0,False
2025-10-02T13:10:23.059133,2025-10-02 13:10:23,13:10:23,0,307,Tenang,4,0,False
2025-10-02T13:10:23.183777,2025-10-02 13:10:23,13:10:23,0,306,Tenang,2,0,False
2025-10-02T13:10:23.300453,2025-10-02 13:10:23,13:10:23,0,306,Tenang,3,0,False
2025-10-02T13:10:23.426641,2025-10-02 13:10:23,13:10:23,0,306,Tenang,2,0,False
2025-10-02T13:10:23.550431,2025-10-02 13:10:23,13:10:23,0,305,Tenang,5,0,False
2025-10-02T13:10:23.678632,2025-10-02 13:10:23,13:10:23,0,307,Tenang,6,0,False
2025-10-02T13:10:23.799625,2025-10-02 13:10:23,13:10:23,0,301,Tenang,6,0,False
2025-10-02T13:10:23.923000,2025-10-02 13:10:23,13:10:23,0,308,Tenang,3,0,False
2025-10-02T13:10:24.049044,2025-10-02 13:10:24,13:10:24,0,304,Tenang,3,0,False
2025-10-02T13:10:24.173712,2025-10-02 13:10:24,13:10:24,0,306,Tenang,5,0,False
2025-10-02T13:10:24.298503,2025-10-02 13:10:24,13:10:24,0,305,Tenang,4,0,False
2025-10-02T13:10:24.423778,2025-10-02 13:10:24,13:10:24,0,306,Tenang,8,0,False
2025-10-02T13:10:24.546533,2025-10-02 13:10:24,13:10:24,0,306,Tenang,7,0,False
2025-10-02T13:10:24.671682,2025-10-02 13:10:24,13:10:24,0,305,Tenang,11,0,False
2025-10-02T13:10:24.794359,2025-10-02 13:10:24,13:10:24,0,306,Tenang,6,0,False
2025-10-02T13:10:24.922457,2025-10-02 13:10:24,13:10:24,0,307,Tenang,9,0,False
2025-10-02T13:10:25.046329,2025-10-02 13:10:25,13:10:25,0,309,Tenang,6,0,False
2025-10-02T13:10:25.175471,2025-10-02 13:10:25,13:10:25,0,311,Tenang,4,0,False
2025-10-02T13:10:25.297089,2025-10-02 13:10:25,13:10:25,0,307,Tenang,4,0,False
2025-10-02T13:10:25.423277,2025-10-02 13:10:25,13:10:25,0,307,Tenang,8,0,False
2025-10-02T13:10:25.536556,2025-10-02 13:10:25,13:10:25,0,308,Tenang,5,0,False
2025-10-02T13:10:25.657057,2025-10-02 13:10:25,13:10:25,0,308,Tenang,6,0,False
2025-10-02T13:10:25.768423,2025-10-02 13:10:25,13:10:25,0,309,Tenang,5,0,False
2025-10-02T13:10:25.884288,2025-10-02 13:10:25,13:10:25,0,309,Tenang,6,0,False
2025-10-02T13:10:26.009971,2025-10-02 13:10:26,13:10:26,0,310,Tenang,4,0,False
2025-10-02T13:10:26.129660,2025-10-02 13:10:26,13:10:26,0,311,Tenang,6,0,False
2025-10-02T13:10:26.246384,2025-10-02 13:10:26,13:10:26,0,311,Tenang,4,0,False
2025-10-02T13:10:26.360928,2025-10-02 13:10:26,13:10:26,0,393,Tenang,4,0,False
2025-10-02T13:10:26.479113,2025-10-02 13:10:26,13:10:26,0,305,Tenang,3,0,False
2025-10-02T13:10:26.596525,2025-10-02 13:10:26,13:10:26,0,306,Tenang,4,0,False
2025-10-02T13:10:26.707600,2025-10-02 13:10:26,13:10:26,0,308,Tenang,6,0,False
2025-10-02T13:10:26.827283,2025-10-02 13:10:26,13:10:26,0,305,Tenang,8,0,False
2025-10-02T13:10:26.943141,2025-10-02 13:10:26,13:10:26,0,322,Tenang,5,0,False
2025-10-02T13:10:27.061102,2025-10-02 13:10:27,13:10:27,0,322,Tenang,6,0,False
2025-10-02T13:10:27.177362,2025-10-02 13:10:27,13:10:27,0,317,Tenang,6,0,False
2025-10-02T13:10:27.297809,2025-10-02 13:10:27,13:10:27,0,313,Tenang,7,0,False
2025-10-02T13:10:27.413247,2025-10-02 13:10:27,13:10:27,0,314,Tenang,3,0,False
2025-10-02T13:10:27.526468,2025-10-02 13:10:27,13:10:27,0,313,Tenang,4,0,False
2025-10-02T13:10:27.649140,2025-10-02 13:10:27,13:10:27,0,315,Tenang,4,0,False
2025-10-02T13:10:27.777743,2025-10-02 13:10:27,13:10:27,0,322,Tenang,4,0,False
2025-10-02T13:10:27.892689,2025-10-02 13:10:27,13:10:27,0,322,Tenang,5,0,False
2025-10-02T13:10:28.027988,2025-10-02 13:10:28,13:10:28,0,322,Tenang,3,0,False
2025-10-02T13:10:28.155930,2025-10-02 13:10:28,13:10:28,0,330,Tenang,3,0,False
2025-10-02T13:10:28.282980,2025-10-02 13:10:28,13:10:28,0,331,Tenang,1,0,False
2025-10-02T13:10:28.404039,2025-10-02 13:10:28,13:10:28,0,332,Tenang,2,0,False
2025-10-02T13:10:28.518393,2025-10-02 13:10:28,13:10:28,0,326,Tenang,3,0,False
2025-10-02T13:10:28.638361,2025-10-02 13:10:28,13:10:28,0,327,Tenang,1,0,False
2025-10-02T13:10:28.759882,2025-10-02 13:10:28,13:10:28,0,325,Tenang,2,0,False
2025-10-02T13:10:28.878724,2025-10-02 13:10:28,13:10:28,0,325,Tenang,3,0,False
2025-10-02T13:10:29.006333,2025-10-02 13:10:29,13:10:29,0,326,Tenang,1,0,False
2025-10-02T13:10:29.117681,2025-10-02 13:10:29,13:10:29,0,327,Tenang,2,0,False
2025-10-02T13:10:29.236763,2025-10-02 13:10:29,13:10:29,0,327,Tenang,2,0,False
2025-10-02T13:10:29.355669,2025-10-02 13:10:29,13:10:29,0,328,Tenang,2,0,False
2025-10-02T13:10:29.482287,2025-10-02 13:10:29,13:10:29,0,329,Tenang,2,0,False
2025-10-02T13:10:29.603912,2025-10-02 13:10:29,13:10:29,0,327,Tenang,2,0,False
2025-10-02T13:10:29.719280,2025-10-02 13:10:29,13:10:29,0,329,Tenang,3,0,False
2025-10-02T13:10:29.843363,2025-10-02 13:10:29,13:10:29,0,330,Tenang,2,0,False
2025-10-02T13:10:29.957238,2025-10-02 13:10:29,13:10:29,0,331,Tenang,2,0,False
2025-10-02T13:10:30.084176,2025-10-02 13:10:30,13:10:30,0,334,Tenang,2,0,False
2025-10-02T13:10:30.200204,2025-10-02 13:10:30,13:10:30,0,397,Tenang,1,0,False
2025-10-02T13:10:30.311055,2025-10-02 13:10:30,13:10:30,0,396,Tenang,1,0,False
2025-10-02T13:10:30.421209,2025-10-02 13:10:30,13:10:30,0,396,Tenang,1,0,False
2025-10-02T13:10:30.536382,2025-10-02 13:10:30,13:10:30,0,342,Tenang,2,0,False
2025-10-02T13:10:30.653630,2025-10-02 13:10:30,13:10:30,0,396,Tenang,1,0,False
2025-10-02T13:10:30.767664,2025-10-02 13:10:30,13:10:30,0,339,Tenang,2,0,False
2025-10-02T13:10:30.883723,2025-10-02 13:10:30,13:10:30,0,344,Tenang,2,0,False
2025-10-02T13:10:31.000576,2025-10-02 13:10:31,13:10:31,0,345,Tenang,3,0,False
2025-10-02T13:10:31.127217,2025-10-02 13:10:31,13:10:31,0,343,Tenang,2,0,False
2025-10-02T13:10:31.245459,2025-10-02 13:10:31,13:10:31,0,341,Tenang,3,0,False
2025-10-02T13:10:31.360566,2025-10-02 13:10:31,13:10:31,0,342,Tenang,4,0,False
2025-10-02T13:10:31.483561,2025-10-02 13:10:31,13:10:31,0,344,Tenang,4,0,False
2025-10-02T13:10:31.594351,2025-10-02 13:10:31,13:10:31,0,344,Tenang,4,0,False
2025-10-02T13:10:31.705801,2025-10-02 13:10:31,13:10:31,0,346,Tenang,3,0,False
2025-10-02T13:10:31.829391,2025-10-02 13:10:31,13:10:31,0,397,Tenang,2,0,False
2025-10-02T13:10:31.958156,2025-10-02 13:10:31,13:10:31,0,396,Tenang,2,0,False
2025-10-02T13:10:32.079801,2025-10-02 13:10:32,13:10:32,0,395,Tenang,3,0,False
2025-10-02T13:10:32.205589,2025-10-02 13:10:32,13:10:32,0,395,Tenang,3,0,False
2025-10-02T13:10:32.330784,2025-10-02 13:10:32,13:10:32,0,397,Tenang,2,0,False
2025-10-02T13:10:32.453756,2025-10-02 13:10:32,13:10:32,0,397,Tenang,1,0,False
2025-10-02T13:10:32.578902,2025-10-02 13:10:32,13:10:32,0,398,Tenang,1,0,False
2025-10-02T13:10:32.700361,2025-10-02 13:10:32,13:10:32,0,398,Tenang,1,0,False
2025-10-02T13:10:32.826231,2025-10-02 13:10:32,13:10:32,0,398,Tenang,1,0,False
2025-10-02T13:10:32.955654,2025-10-02 13:10:32,13:10:32,0,398,Tenang,1,0,False
2025-10-02T13:10:33.075980,2025-10-02 13:10:33,13:10:33,0,396,Tenang,2,0,False
2025-10-02T13:10:33.200455,2025-10-02 13:10:33,13:10:33,0,358,Tenang,4,0,False
2025-10-02T13:10:33.322359,2025-10-02 13:10:33,13:10:33,0,356,Tenang,4,0,False
2025-10-02T13:10:33.447542,2025-10-02 13:10:33,13:10:33,0,357,Tenang,2,0,False
2025-10-02T13:10:33.571007,2025-10-02 13:10:33,13:10:33,0,358,Tenang,2,0,False
2025-10-02T13:10:33.681713,2025-10-02 13:10:33,13:10:33,0,358,Tenang,2,0,False
2025-10-02T13:10:33.803245,2025-10-02 13:10:33,13:10:33,0,359,Tenang,2,0,False
2025-10-02T13:10:33.928599,2025-10-02 13:10:33,13:10:33,0,359,Tenang,4,0,False
2025-10-02T13:10:34.052724,2025-10-02 13:10:34,13:10:34,0,361,Tenang,2,0,False
2025-10-02T13:10:34.162733,2025-10-02 13:10:34,13:10:34,0,393,Tenang,2,0,False
2025-10-02T13:10:34.273679,2025-10-02 13:10:34,13:10:34,0,393,Tenang,2,0,False
2025-10-02T13:10:34.396357,2025-10-02 13:10:34,13:10:34,0,395,Tenang,3,0,False
2025-10-02T13:10:34.518999,2025-10-02 13:10:34,13:10:34,0,397,Tenang,4,0,False
2025-10-02T13:10:34.641382,2025-10-02 13:10:34,13:10:34,0,397,Tenang,4,0,False
2025-10-02T13:10:34.749762,2025-10-02 13:10:34,13:10:34,0,395,Tenang,3,0,False
2025-10-02T13:10:34.874784,2025-10-02 13:10:34,13:10:34,0,395,Tenang,2,0,False
2025-10-02T13:10:34.999398,2025-10-02 13:10:34,13:10:34,0,395,Tenang,5,0,False
2025-10-02T13:10:35.124265,2025-10-02 13:10:35,13:10:35,0,395,Tenang,4,0,False
2025-10-02T13:10:35.235807,2025-10-02 13:10:35,13:10:35,0,396,Tenang,5,0,False
2025-10-02T13:10:35.359500,2025-10-02 13:10:35,13:10:35,0,395,Tenang,3,0,False
2025-10-02T13:10:35.470481,2025-10-02 13:10:35,13:10:35,0,395,Tenang,4,0,False
2025-10-02T13:10:35.592877,2025-10-02 13:10:35,13:10:35,0,394,Tenang,3,0,False
2025-10-02T13:10:35.718551,2025-10-02 13:10:35,13:10:35,0,395,Tenang,3,0,False
2025-10-02T13:10:35.827439,2025-10-02 13:10:35,13:10:35,0,395,Tenang,4,0,False
2025-10-02T13:10:35.951438,2025-10-02 13:10:35,13:10:35,0,396,Tenang,6,0,False
2025-10-02T13:10:36.060454,2025-10-02 13:10:36,13:10:36,0,396,Tenang,3,0,False
2025-10-02T13:10:36.170706,2025-10-02 13:10:36,13:10:36,0,396,Tenang,5,0,False
2025-10-02T13:10:36.298334,2025-10-02 13:10:36,13:10:36,0,396,Tenang,6,0,False
2025-10-02T13:10:36.422479,2025-10-02 13:10:36,13:10:36,0,366,Tenang,6,0,False
2025-10-02T13:10:36.543247,2025-10-02 13:10:36,13:10:36,0,367,Tenang,4,0,False
2025-10-02T13:10:36.653756,2025-10-02 13:10:36,13:10:36,0,394,Tenang,4,0,False
2025-10-02T13:10:36.763297,2025-10-02 13:10:36,13:10:36,0,396,Tenang,6,0,False
2025-10-02T13:10:36.872416,2025-10-02 13:10:36,13:10:36,0,395,Tenang,6,0,False
2025-10-02T13:10:36.996733,2025-10-02 13:10:36,13:10:36,0,396,Tenang,4,0,False
2025-10-02T13:10:37.119238,2025-10-02 13:10:37,13:10:37,0,375,Tenang,6,0,False
2025-10-02T13:10:37.245880,2025-10-02 13:10:37,13:10:37,0,375,Tenang,7,0,False
2025-10-02T13:10:37.369781,2025-10-02 13:10:37,13:10:37,0,394,Tenang,7,0,False
2025-10-02T13:10:37.493500,2025-10-02 13:10:37,13:10:37,0,395,Tenang,5,0,False
2025-10-02T13:10:37.615712,2025-10-02 13:10:37,13:10:37,0,398,Tenang,5,0,False
2025-10-02T13:10:37.740414,2025-10-02 13:10:37,13:10:37,0,395,Tenang,4,0,False
2025-10-02T13:10:37.865601,2025-10-02 13:10:37,13:10:37,0,395,Tenang,3,0,False
2025-10-02T13:10:37.989752,2025-10-02 13:10:37,13:10:37,0,396,Tenang,5,0,False
2025-10-02T13:10:38.113746,2025-10-02 13:10:38,13:10:38,0,387,Tenang,8,0,False
2025-10-02T13:10:38.235725,2025-10-02 13:10:38,13:10:38,0,396,Tenang,3,0,False
2025-10-02T13:10:38.360483,2025-10-02 13:10:38,13:10:38,0,396,Tenang,6,0,False
2025-10-02T13:10:38.471339,2025-10-02 13:10:38,13:10:38,0,395,Tenang,5,0,False
2025-10-02T13:10:38.595601,2025-10-02 13:10:38,13:10:38,0,395,Tenang,5,0,False
2025-10-02T13:10:38.718735,2025-10-02 13:10:38,13:10:38,0,375,Tenang,5,0,False
2025-10-02T13:10:38.839063,2025-10-02 13:10:38,13:10:38,0,372,Tenang,6,0,False
2025-10-02T13:10:38.963238,2025-10-02 13:10:38,13:10:38,0,396,Tenang,5,0,False
2025-10-02T13:10:39.074087,2025-10-02 13:10:39,13:10:39,0,395,Tenang,5,0,False
2025-10-02T13:10:39.198318,2025-10-02 13:10:39,13:10:39,0,378,Tenang,7,0,False
2025-10-02T13:10:39.322725,2025-10-02 13:10:39,13:10:39,0,396,Tenang,5,0,False
2025-10-02T13:10:39.447759,2025-10-02 13:10:39,13:10:39,0,396,Tenang,5,0,False
2025-10-02T13:10:39.563469,2025-10-02 13:10:39,13:10:39,0,395,Tenang,5,0,False
2025-10-02T13:10:39.689477,2025-10-02 13:10:39,13:10:39,0,396,Tenang,5,0,False
2025-10-02T13:10:39.811507,2025-10-02 13:10:39,13:10:39,0,396,Tenang,5,0,False
2025-10-02T13:10:39.935486,2025-10-02 13:10:39,13:10:39,0,395,Tenang,4,0,False
2025-10-02T13:10:40.057767,2025-10-02 13:10:40,13:10:40,0,396,Tenang,4,0,False
2025-10-02T13:10:40.183377,2025-10-02 13:10:40,13:10:40,0,395,Tenang,4,0,False
2025-10-02T13:10:40.304101,2025-10-02 13:10:40,13:10:40,0,395,Tenang,4,0,False
2025-10-02T13:10:40.428473,2025-10-02 13:10:40,13:10:40,0,396,Tenang,3,0,False
2025-10-02T13:10:40.554259,2025-10-02 13:10:40,13:10:40,0,396,Tenang,3,0,False
2025-10-02T13:10:40.680218,2025-10-02 13:10:40,13:10:40,0,394,Tenang,4,0,False
2025-10-02T13:10:40.803693,2025-10-02 13:10:40,13:10:40,0,396,Tenang,5,0,False
2025-10-02T13:10:40.929455,2025-10-02 13:10:40,13:10:40,0,396,Tenang,4,0,False
2025-10-02T13:10:41.052792,2025-10-02 13:10:41,13:10:41,0,395,Tenang,5,0,False
2025-10-02T13:10:41.177929,2025-10-02 13:10:41,13:10:41,0,395,Tenang,4,0,False
2025-10-02T13:10:41.301192,2025-10-02 13:10:41,13:10:41,0,394,Tenang,6,0,False
2025-10-02T13:10:41.425795,2025-10-02 13:10:41,13:10:41,0,395,Tenang,4,0,False
2025-10-02T13:10:41.550111,2025-10-02 13:10:41,13:10:41,0,395,Tenang,6,0,False
2025-10-02T13:10:41.677055,2025-10-02 13:10:41,13:10:41,0,395,Tenang,4,0,False
2025-10-02T13:10:41.799966,2025-10-02 13:10:41,13:10:41,0,395,Tenang,6,0,False
2025-10-02T13:10:41.926462,2025-10-02 13:10:41,13:10:41,0,394,Tenang,6,0,False
2025-10-02T13:10:42.050110,2025-10-02 13:10:42,13:10:42,0,395,Tenang,4,0,False
2025-10-02T13:10:42.175549,2025-10-02 13:10:42,13:10:42,0,395,Tenang,6,0,False
2025-10-02T13:10:42.298786,2025-10-02 13:10:42,13:10:42,0,395,Tenang,5,0,False
2025-10-02T13:10:42.420423,2025-10-02 13:10:42,13:10:42,0,395,Tenang,4,0,False
2025-10-02T13:10:42.545815,2025-10-02 13:10:42,13:10:42,0,395,Tenang,5,0,False
2025-10-02T13:10:42.656369,2025-10-02 13:10:42,13:10:42,0,395,Tenang,4,0,False
2025-10-02T13:10:42.767149,2025-10-02 13:10:42,13:10:42,0,395,Tenang,4,0,False
2025-10-02T13:10:42.890513,2025-10-02 13:10:42,13:10:42,0,396,Tenang,5,0,False
2025-10-02T13:10:43.014262,2025-10-02 13:10:43,13:10:43,0,395,Tenang,5,0,False
2025-10-02T13:10:43.139813,2025-10-02 13:10:43,13:10:43,0,395,Tenang,6,0,False
2025-10-02T13:10:43.266530,2025-10-02 13:10:43,13:10:43,0,395,Tenang,4,0,False
2025-10-02T13:10:43.390068,2025-10-02 13:10:43,13:10:43,0,395,Tenang,5,0,False
2025-10-02T13:10:43.515570,2025-10-02 13:10:43,13:10:43,0,395,Tenang,4,0,False
2025-10-02T13:10:43.638840,2025-10-02 13:10:43,13:10:43,0,395,Tenang,5,0,False
2025-10-02T13:10:43.762992,2025-10-02 13:10:43,13:10:43,0,395,Tenang,4,0,False
2025-10-02T13:10:43.873840,2025-10-02 13:10:43,13:10:43,0,395,Tenang,5,0,False
2025-10-02T13:10:43.996535,2025-10-02 13:10:43,13:10:43,0,395,Tenang,4,0,False
2025-10-02T13:10:44.123716,2025-10-02 13:10:44,13:10:44,0,395,Tenang,5,0,False
2025-10-02T13:10:44.248104,2025-10-02 13:10:44,13:10:44,0,395,Tenang,4,0,False
2025-10-02T13:10:44.372469,2025-10-02 13:10:44,13:10:44,0,395,Tenang,6,0,False
2025-10-02T13:10:44.494697,2025-10-02 13:10:44,13:10:44,0,395,Tenang,5,0,False
2025-10-02T13:10:44.604290,2025-10-02 13:10:44,13:10:44,0,396,Tenang,3,0,False
2025-10-02T13:10:44.716721,2025-10-02 13:10:44,13:10:44,0,395,Tenang,4,0,False
2025-10-02T13:10:44.839497,2025-10-02 13:10:44,13:10:44,0,395,Tenang,6,0,False
2025-10-02T13:10:44.964104,2025-10-02 13:10:44,13:10:44,0,395,Tenang,5,0,False
2025-10-02T13:10:45.089061,2025-10-02 13:10:45,13:10:45,0,395,Tenang,5,0,False
2025-10-02T13:10:45.213917,2025-10-02 13:10:45,13:10:45,0,396,Tenang,5,0,False
2025-10-02T13:10:45.337427,2025-10-02 13:10:45,13:10:45,0,395,Tenang,5,0,False
2025-10-02T13:10:45.460834,2025-10-02 13:10:45,13:10:45,0,396,Tenang,4,0,False
2025-10-02T13:10:45.586592,2025-10-02 13:10:45,13:10:45,0,396,Tenang,4,0,False
2025-10-02T13:10:45.708255,2025-10-02 13:10:45,13:10:45,0,395,Tenang,5,0,False
2025-10-02T13:10:45.832714,2025-10-02 13:10:45,13:10:45,0,394,Tenang,4,0,False
2025-10-02T13:10:45.955883,2025-10-02 13:10:45,13:10:45,0,395,Tenang,6,0,False
2025-10-02T13:10:46.080375,2025-10-02 13:10:46,13:10:46,0,394,Tenang,5,0,False
2025-10-02T13:10:46.206492,2025-10-02 13:10:46,13:10:46,0,396,Tenang,6,0,False
2025-10-02T13:10:46.329778,2025-10-02 13:10:46,13:10:46,0,397,Tenang,4,0,False
2025-10-02T13:10:46.455593,2025-10-02 13:10:46,13:10:46,0,396,Tenang,4,0,False
2025-10-02T13:10:46.590594,2025-10-02 13:10:46,13:10:46,0,396,Tenang,3,0,False
2025-10-02T13:10:46.705511,2025-10-02 13:10:46,13:10:46,0,397,Tenang,3,0,False
2025-10-02T13:10:46.830007,2025-10-02 13:10:46,13:10:46,0,395,Tenang,5,0,False
2025-10-02T13:10:46.955441,2025-10-02 13:10:46,13:10:46,0,395,Tenang,5,0,False
2025-10-02T13:10:47.078450,2025-10-02 13:10:47,13:10:47,0,397,Tenang,3,0,False
2025-10-02T13:10:47.201796,2025-10-02 13:10:47,13:10:47,0,396,Tenang,4,0,False
2025-10-02T13:10:47.326624,2025-10-02 13:10:47,13:10:47,0,396,Tenang,4,0,False
2025-10-02T13:10:47.451379,2025-10-02 13:10:47,13:10:47,0,396,Tenang,4,0,False
2025-10-02T13:10:47.575535,2025-10-02 13:10:47,13:10:47,0,396,Tenang,4,0,False
2025-10-02T13:10:47.701780,2025-10-02 13:10:47,13:10:47,0,396,Tenang,4,0,False
2025-10-02T13:10:47.824624,2025-10-02 13:10:47,13:10:47,0,396,Tenang,4,0,False
2025-10-02T13:10:47.948672,2025-10-02 13:10:47,13:10:47,0,396,Tenang,5,0,False
2025-10-02T13:10:48.071559,2025-10-02 13:10:48,13:10:48,0,395,Tenang,5,0,False
2025-10-02T13:10:48.196454,2025-10-02 13:10:48,13:10:48,0,396,Tenang,6,0,False
2025-10-02T13:10:48.321149,2025-10-02 13:10:48,13:10:48,0,395,Tenang,3,0,False
2025-10-02T13:10:48.446202,2025-10-02 13:10:48,13:10:48,0,396,Tenang,3,0,False
2025-10-02T13:10:48.570308,2025-10-02 13:10:48,13:10:48,0,396,Tenang,5,0,False
2025-10-02T13:10:48.695795,2025-10-02 13:10:48,13:10:48,0,396,Tenang,5,0,False
2025-10-02T13:10:48.821228,2025-10-02 13:10:48,13:10:48,0,396,Tenang,6,0,False
2025-10-02T13:10:48.944015,2025-10-02 13:10:48,13:10:48,0,376,Tenang,5,0,False
2025-10-02T13:10:49.067789,2025-10-02 13:10:49,13:10:49,0,397,Tenang,4,0,False
2025-10-02T13:10:49.192082,2025-10-02 13:10:49,13:10:49,0,396,Tenang,5,0,False
2025-10-02T13:10:49.314172,2025-10-02 13:10:49,13:10:49,0,397,Tenang,3,0,False
2025-10-02T13:10:49.436701,2025-10-02 13:10:49,13:10:49,0,396,Tenang,4,0,False
2025-10-02T13:10:49.563175,2025-10-02 13:10:49,13:10:49,0,397,Tenang,3,0,False
2025-10-02T13:10:49.689948,2025-10-02 13:10:49,13:10:49,0,397,Tenang,3,0,False
2025-10-02T13:10:49.813046,2025-10-02 13:10:49,13:10:49,0,396,Tenang,5,0,False
2025-10-02T13:10:49.939759,2025-10-02 13:10:49,13:10:49,0,396,Tenang,4,0,False
2025-10-02T13:10:50.064828,2025-10-02 13:10:50,13:10:50,0,397,Tenang,2,0,False
2025-10-02T13:10:50.198487,2025-10-02 13:10:50,13:10:50,0,396,Tenang,4,0,False
2025-10-02T13:10:50.315412,2025-10-02 13:10:50,13:10:50,0,396,Tenang,4,0,False
2025-10-02T13:10:50.441391,2025-10-02 13:10:50,13:10:50,0,396,Tenang,5,0,False
2025-10-02T13:10:50.565928,2025-10-02 13:10:50,13:10:50,0,395,Tenang,7,0,False
2025-10-02T13:10:50.691310,2025-10-02 13:10:50,13:10:50,0,395,Tenang,4,0,False
2025-10-02T13:10:50.814499,2025-10-02 13:10:50,13:10:50,0,396,Tenang,5,0,False
2025-10-02T13:10:50.938747,2025-10-02 13:10:50,13:10:50,0,395,Tenang,4,0,False
2025-10-02T13:10:51.067549,2025-10-02 13:10:51,13:10:51,0,395,Tenang,3,0,False
2025-10-02T13:10:51.190618,2025-10-02 13:10:51,13:10:51,0,397,Tenang,3,0,False
2025-10-02T13:10:51.315774,2025-10-02 13:10:51,13:10:51,0,391,Tenang,4,0,False
2025-10-02T13:10:51.442611,2025-10-02 13:10:51,13:10:51,0,391,Tenang,4,0,False
2025-10-02T13:10:51.564399,2025-10-02 13:10:51,13:10:51,0,395,Tenang,5,0,False
2025-10-02T13:10:51.691479,2025-10-02 13:10:51,13:10:51,0,396,Tenang,5,0,False
2025-10-02T13:10:51.814307,2025-10-02 13:10:51,13:10:51,0,395,Tenang,3,0,False
2025-10-02T13:10:51.930210,2025-10-02 13:10:51,13:10:51,0,396,Tenang,3,0,False
2025-10-02T13:10:52.052639,2025-10-02 13:10:52,13:10:52,0,396,Tenang,5,0,False
2025-10-02T13:10:52.167860,2025-10-02 13:10:52,13:10:52,0,396,Tenang,4,0,False
2025-10-02T13:10:52.292389,2025-10-02 13:10:52,13:10:52,0,391,Tenang,5,0,False
2025-10-02T13:10:52.403266,2025-10-02 13:10:52,13:10:52,0,397,Tenang,3,0,False
2025-10-02T13:10:52.527185,2025-10-02 13:10:52,13:10:52,0,397,Tenang,4,0,False
2025-10-02T13:10:52.639777,2025-10-02 13:10:52,13:10:52,0,396,Tenang,5,0,False
2025-10-02T13:10:52.756004,2025-10-02 13:10:52,13:10:52,0,396,Tenang,4,0,False
2025-10-02T13:10:52.868044,2025-10-02 13:10:52,13:10:52,0,392,Tenang,7,0,False
2025-10-02T13:10:52.978177,2025-10-02 13:10:52,13:10:52,0,393,Tenang,6,0,False
2025-10-02T13:10:53.103984,2025-10-02 13:10:53,13:10:53,0,393,Tenang,6,0,False
2025-10-02T13:10:53.227481,2025-10-02 13:10:53,13:10:53,0,395,Tenang,4,0,False
2025-10-02T13:10:53.342129,2025-10-02 13:10:53,13:10:53,0,395,Tenang,3,0,False
